{
	"name": "Good Delivery",
	"matrix": {
		"rows": 4,
		"cols": 10
	},
	"layouts": {
		"labels": [
			[
				"Layout",
				"Regular Stagger",
				"Alpha Stagger"
			],
			[
				"Bottom Row",
				"2x2u",
				"4u",
				"6u",
				"8u",
				"10u"
			]
		],
		"keymap": [
			[
				"0,0",
				"0,1",
				"0,2",
				"0,3",
				"0,4",
				"0,5",
				"0,6",
				"0,7",
				"0,8",
				"0,9"
			],
			[
				{
					"w": 1.25
				},
				"1,0\n\n\n0,0",
				"1,1\n\n\n0,0",
				"1,2\n\n\n0,0",
				"1,3\n\n\n0,0",
				"1,4\n\n\n0,0",
				"1,5\n\n\n0,0",
				"1,6\n\n\n0,0",
				"1,7\n\n\n0,0",
				{
					"w": 1.75
				},
				"1,9\n\n\n0,0",
				{
					"x": 0.5
				},
				"1,0\n\n\n0,1",
				"1,1\n\n\n0,1",
				"1,2\n\n\n0,1",
				"1,3\n\n\n0,1",
				"1,4\n\n\n0,1",
				"1,5\n\n\n0,1",
				"1,6\n\n\n0,1",
				"1,7\n\n\n0,1",
				"1,8\n\n\n0,1",
				"1,9\n\n\n0,1"
			],
			[
				{
					"w": 1.75
				},
				"2,0\n\n\n0,0",
				"2,2\n\n\n0,0",
				"2,3\n\n\n0,0",
				"2,4\n\n\n0,0",
				"2,5\n\n\n0,0",
				"2,6\n\n\n0,0",
				"2,7\n\n\n0,0",
				"2,8\n\n\n0,0",
				{
					"w": 1.25
				},
				"2,9\n\n\n0,0",
				{
					"x": 0.5,
					"w": 1.5
				},
				"2,0\n\n\n0,1",
				"2,2\n\n\n0,1",
				"2,3\n\n\n0,1",
				"2,4\n\n\n0,1",
				"2,5\n\n\n0,1",
				"2,6\n\n\n0,1",
				"2,7\n\n\n0,1",
				"2,8\n\n\n0,1",
				{
					"w": 1.5
				},
				"2,9\n\n\n0,1"
			],
			[
				"3,0\n\n\n1,0",
				"3,1\n\n\n1,0",
				"3,2\n\n\n1,0",
				{
					"w": 2
				},
				"3,4\n\n\n1,0",
				{
					"w": 2
				},
				"3,6\n\n\n1,0",
				"3,7\n\n\n1,0",
				"3,8\n\n\n1,0",
				"3,9\n\n\n1,0"
			],
			[
				{
					"y": 0.25
				},
				"3,0\n\n\n1,1",
				"3,1\n\n\n1,1",
				"3,2\n\n\n1,1",
				{
					"w": 4
				},
				"3,5\n\n\n1,1",
				"3,7\n\n\n1,1",
				"3,8\n\n\n1,1",
				"3,9\n\n\n1,1"
			],
			[
				"3,0\n\n\n1,2",
				"3,1\n\n\n1,2",
				{
					"w": 6
				},
				"3,5\n\n\n1,2",
				"3,8\n\n\n1,2",
				"3,9\n\n\n1,2"
			],
			[
				"3,0\n\n\n1,3",
				{
					"w": 8
				},
				"3,5\n\n\n1,3",
				"3,9\n\n\n1,3"
			],
			[
				{
					"w": 10
				},
				"3,5\n\n\n1,4"
			]
		]
	}
}