{
    "manufacturer": "baconspoon",
    "keyboard_name": "Good Delivery",
    "maintainer": "flamwenco",
    "processor": "RP2040",
    "bootloader": "rp2040",
    "usb": {
        "vid": "0x7FF7",
        "pid": "0x600D",
        "device_version": "0.0.1"
    },
    "features": {
        "bootmagic": true,
        "command": false,
        "console": false,
        "extrakey": true,
        "mousekey": true,
        "nkro": true
    },
    "diode_direction": "COL2ROW",
    "matrix_pins": {
        "rows": ["GP13", "GP12", "GP11", "GP17"],
        "cols": ["GP20", "GP19", "GP18", "GP22", "GP2", "GP3", "GP4", "GP1", "GP0", "GP8"]
    },
    "layouts": {
        "LAYOUT": {
            "layout": [
                { "matrix": [0, 0], "x": 0, "y": 0 },
                { "matrix": [0, 1], "x": 1, "y": 0 },
                { "matrix": [0, 2], "x": 2, "y": 0 },
                { "matrix": [0, 3], "x": 3, "y": 0 },
                { "matrix": [0, 4], "x": 4, "y": 0 },
                { "matrix": [0, 5], "x": 5, "y": 0 },
                { "matrix": [0, 6], "x": 6, "y": 0 },
                { "matrix": [0, 7], "x": 7, "y": 0 },
                { "matrix": [0, 8], "x": 8, "y": 0 },
                { "matrix": [0, 9], "x": 9, "y": 0 },
                { "matrix": [1, 0], "x": 0, "y": 1, "w": 1.25},
                { "matrix": [1, 1], "x": 1.25, "y": 1 },
                { "matrix": [1, 2], "x": 2.25, "y": 1 },
                { "matrix": [1, 3], "x": 3.25, "y": 1 },
                { "matrix": [1, 4], "x": 4.25, "y": 1 },
                { "matrix": [1, 5], "x": 5.25, "y": 1 },
                { "matrix": [1, 6], "x": 6.25, "y": 1 },
                { "matrix": [1, 7], "x": 7.25, "y": 1 },
                { "matrix": [1, 9], "x": 8.25, "y": 1, "w": 1.75 },
                { "matrix": [2, 0], "w": 1.75, "x": 0, "y": 2 },
                { "matrix": [2, 2], "x": 1.75, "y": 2 },
                { "matrix": [2, 3], "x": 2.75, "y": 2 },
                { "matrix": [2, 4], "x": 3.75, "y": 2 },
                { "matrix": [2, 5], "x": 4.75, "y": 2 },
                { "matrix": [2, 6], "x": 5.75, "y": 2 },
                { "matrix": [2, 7], "x": 6.75, "y": 2 },
                { "matrix": [2, 8], "x": 7.75, "y": 2 },
                { "matrix": [2, 9], "x": 8.75, "y": 2, "w": 1.25 },
                { "matrix": [3, 0], "x": 0, "y": 3 },
                { "matrix": [3, 1], "x": 1, "y": 3 },
                { "matrix": [3, 2], "x": 2, "y": 3 },
                { "matrix": [3, 4], "x": 3, "y": 3, "w": 2 },
                { "matrix": [3, 6], "x": 5, "y": 3, "w": 2 },
                { "matrix": [3, 7], "x": 7, "y": 3 },
                { "matrix": [3, 8], "x": 8, "y": 3 },
                { "matrix": [3, 9], "x": 9, "y": 3 }
            ]
        },
        "LAYOUT_alpha": {
            "layout": [
                { "matrix": [0, 0], "x": 0, "y": 0 },
                { "matrix": [0, 1], "x": 1, "y": 0 },
                { "matrix": [0, 2], "x": 2, "y": 0 },
                { "matrix": [0, 3], "x": 3, "y": 0 },
                { "matrix": [0, 4], "x": 4, "y": 0 },
                { "matrix": [0, 5], "x": 5, "y": 0 },
                { "matrix": [0, 6], "x": 6, "y": 0 },
                { "matrix": [0, 7], "x": 7, "y": 0 },
                { "matrix": [0, 8], "x": 8, "y": 0 },
                { "matrix": [0, 9], "x": 9, "y": 0 },
                { "matrix": [1, 0], "x": 0, "y": 1 },
                { "matrix": [1, 1], "x": 1, "y": 1 },
                { "matrix": [1, 2], "x": 2, "y": 1 },
                { "matrix": [1, 3], "x": 3, "y": 1 },
                { "matrix": [1, 4], "x": 4, "y": 1 },
                { "matrix": [1, 5], "x": 5, "y": 1 },
                { "matrix": [1, 6], "x": 6, "y": 1 },
                { "matrix": [1, 7], "x": 7, "y": 1 },
                { "matrix": [1, 8], "x": 8, "y": 1 },
                { "matrix": [1, 9], "x": 9, "y": 1 },
                { "matrix": [2, 0], "w": 1.5, "x": 0, "y": 2 },
                { "matrix": [2, 2], "x": 1.5, "y": 2 },
                { "matrix": [2, 3], "x": 2.5, "y": 2 },
                { "matrix": [2, 4], "x": 3.5, "y": 2 },
                { "matrix": [2, 5], "x": 4.5, "y": 2 },
                { "matrix": [2, 6], "x": 5.5, "y": 2 },
                { "matrix": [2, 7], "x": 6.5, "y": 2 },
                { "matrix": [2, 8], "x": 7.5, "y": 2 },
                { "matrix": [2, 9], "x": 8.5, "y": 2, "w": 1.5 },
                { "matrix": [3, 0], "x": 0, "y": 3 },
                { "matrix": [3, 1], "x": 1, "y": 3 },
                { "matrix": [3, 2], "x": 2, "y": 3 },
                { "matrix": [3, 4], "x": 3, "y": 3, "w": 2 },
                { "matrix": [3, 6], "x": 5, "y": 3, "w": 2 },
                { "matrix": [3, 7], "x": 7, "y": 3 },
                { "matrix": [3, 8], "x": 8, "y": 3 },
                { "matrix": [3, 9], "x": 9, "y": 3 }
            ]
        },
        "LAYOUT_bigbar": {
            "layout": [
                { "matrix": [0, 0], "x": 0, "y": 0 },
                { "matrix": [0, 1], "x": 1, "y": 0 },
                { "matrix": [0, 2], "x": 2, "y": 0 },
                { "matrix": [0, 3], "x": 3, "y": 0 },
                { "matrix": [0, 4], "x": 4, "y": 0 },
                { "matrix": [0, 5], "x": 5, "y": 0 },
                { "matrix": [0, 6], "x": 6, "y": 0 },
                { "matrix": [0, 7], "x": 7, "y": 0 },
                { "matrix": [0, 8], "x": 8, "y": 0 },
                { "matrix": [0, 9], "x": 9, "y": 0 },
                { "matrix": [1, 0], "x": 0, "y": 1, "w": 1.25},
                { "matrix": [1, 1], "x": 1.25, "y": 1 },
                { "matrix": [1, 2], "x": 2.25, "y": 1 },
                { "matrix": [1, 3], "x": 3.25, "y": 1 },
                { "matrix": [1, 4], "x": 4.25, "y": 1 },
                { "matrix": [1, 5], "x": 5.25, "y": 1 },
                { "matrix": [1, 6], "x": 6.25, "y": 1 },
                { "matrix": [1, 7], "x": 7.25, "y": 1 },
                { "matrix": [1, 9], "x": 8.25, "y": 1, "w": 1.75 },
                { "matrix": [2, 0], "w": 1.75, "x": 0, "y": 2 },
                { "matrix": [2, 2], "x": 1.75, "y": 2 },
                { "matrix": [2, 3], "x": 2.75, "y": 2 },
                { "matrix": [2, 4], "x": 3.75, "y": 2 },
                { "matrix": [2, 5], "x": 4.75, "y": 2 },
                { "matrix": [2, 6], "x": 5.75, "y": 2 },
                { "matrix": [2, 7], "x": 6.75, "y": 2 },
                { "matrix": [2, 8], "x": 7.75, "y": 2 },
                { "matrix": [2, 9], "x": 8.75, "y": 2, "w": 1.25 },
                { "matrix": [3, 0], "x": 0, "y": 3 },
                { "matrix": [3, 1], "x": 1, "y": 3 },
                { "matrix": [3, 2], "x": 2, "y": 3 },
                { "matrix": [3, 5], "x": 3, "y": 3, "w": 4 },
                { "matrix": [3, 7], "x": 7, "y": 3 },
                { "matrix": [3, 8], "x": 8, "y": 3 },
                { "matrix": [3, 9], "x": 9, "y": 3 }
            ]
        }
    }
}